<config>
  <event_variant name="MovePointer" class="MouseMoveEvent" >
  </event_variant>
  <event_variant name="InitDeformation" class="MousePressEvent">
      <attribute name="EventButton" value="LeftMouseButton"/>
  </event_variant>
  <event_variant name="ObjectDeformation" class="MouseMoveEvent">
      <attribute name="ButtonState" value="LeftMouseButton"/>
  </event_variant>
  <event_variant name="EndDeformation" class="MouseReleaseEvent">
      <attribute name="EventButton" value="LeftMouseButton"/>
  </event_variant>
  <event_variant name="ScaleRadius" class="MouseWheelEvent">
  </event_variant>
</config>
