<statemachine NAME="Affine">
    <state name="start" startstate="true" >
        <transition event_class="InteractionPositionEvent" event_variant="MovePointer" target="select">
            <condition name="isOverObject"/>
            <action name="selectObject"/>
        </transition>
    </state>
    <state name="select" >
        <transition event_class="InteractionPositionEvent" event_variant="MovePointer" target="select">
            <condition name="isOverObject" inverted="true" />
            <action name="deselectObject"/>
        </transition>
        <transition event_class="InteractionPositionEvent" event_variant="MovePointer" target="select">
            <condition name="isOverObject"/>
            <action name="selectObject"/>
        </transition>
        <transition event_class="InternalEvent" event_variant="LeaveRenderWindow" target="select">
            <action name="deselectObject"/>
        </transition>
        <transition event_class="InteractionPositionEvent" event_variant="ScaleRadius" target="select">
            <action name="scaleRadius"/>
        </transition>
        <transition event_class="InteractionPositionEvent" event_variant="InitTranslation" target="translate">
            <action name="initTranslate"/>
        </transition>
        <transition event_class="InteractionPositionEvent" event_variant="InitRotation" target="rotate">
            <action name="initRotate"/>
        </transition>
        <transition event_class="InteractionPositionEvent" event_variant="InitDeformation" target="deform">
            <action name="initDeformation"/>
        </transition>
    </state>
    <state name="translate" >
        <transition event_class="InteractionPositionEvent" event_variant="ObjectTranslation" target="translate">
            <action name="translateObject"/>
        </transition>
        <transition event_class="InteractionPositionEvent" event_variant="EndTranslation" target="start">
            <condition name="isOverObject" inverted="true"/>
            <action name="deselectObject"/>
        </transition>
        <transition event_class="InteractionPositionEvent" event_variant="EndTranslation" target="select">
            <condition name="isOverObject"/>
            <action name="selectObject"/>
        </transition>
    </state>
    <state name="rotate" >
        <transition event_class="InteractionPositionEvent" event_variant="ObjectRotation" target="rotate">
            <action name="rotateObject"/>
        </transition>
        <transition event_class="InteractionPositionEvent" event_variant="EndRotation" target="start">
            <condition name="isOverObject" inverted="true"/>
            <action name="deselectObject"/>
        </transition>
        <transition event_class="InteractionPositionEvent" event_variant="EndRotation" target="select">
            <condition name="isOverObject" />
            <action name="selectObject"/>
        </transition>
     </state>
     <state name="deform" >
         <transition event_class="InteractionPositionEvent" event_variant="ObjectDeformation" target="deform">
             <action name="deformObject"/>
         </transition>
         <transition event_class="InteractionPositionEvent" event_variant="EndDeformation" target="start">
             <condition name="isOverObject" inverted="true"/>
             <action name="deselectObject"/>
         </transition>
         <transition event_class="InteractionPositionEvent" event_variant="EndDeformation" target="select">
             <condition name="isOverObject"/>
             <action name="selectObject"/>
         </transition>
     </state>
</statemachine>
