<config>
  <event_variant name="MovePointer" class="MouseMoveEvent">
  </event_variant>
  <event_variant name="InitRotation" class="MousePressEvent">
      <attribute name="EventButton" value="LeftMouseButton"/>
  </event_variant>
  <event_variant name="ObjectRotation" class="MouseMoveEvent" >
      <attribute name="ButtonState" value="LeftMouseButton"/>
  </event_variant>
  <event_variant name="EndRotation" class="MouseReleaseEvent">
      <attribute name="EventButton" value="LeftMouseButton"/>
  </event_variant>
</config>
