<!--
Standard Configuration // Global Visibility!

Naming Convention:
      Std         MousePress    PrimaryButton   Ctrl

Global variant    Event class   Button/Key      Modifiers
-->

<config>
  <!-- Undeclared tags are filled with standard values -->
  <!-- Mouse Events -->
  
  <!-- MousePressEvents -->
  <event_variant class="MousePressEvent" name="PrimaryButtonPressed">
    <attribute name="EventButton" value="LeftMouseButton"/>
  </event_variant>
  <event_variant class="MousePressEvent" name="SecondaryButtonPressed">
    <attribute name="EventButton" value="RightMouseButton"/>
  </event_variant>
  <event_variant class="MousePressEvent" name="CtrlPrimaryButtonPressed">
    <attribute name="EventButton" value="LeftMouseButton"/>
    <attribute name="Modifiers" value="ctrl"/>
  </event_variant>
  <event_variant class="MousePressEvent" name="CtrlSecondaryButtonPressed">
    <attribute name="EventButton" value="RightMouseButton"/>
    <attribute name="Modifiers" value="ctrl"/>
  </event_variant>
  <event_variant class="MousePressEvent" name="ShiftPrimaryButtonPressed">
    <attribute name="EventButton" value="LeftMouseButton"/>
    <attribute name="Modifiers" value="shift"/>
  </event_variant>
  <event_variant class="MousePressEvent" name="ShiftSecondaryButtonPressed">
    <attribute name="EventButton" value="RightMouseButton"/>
    <attribute name="Modifiers" value="shift"/>
  </event_variant>
  
  <event_variant class="MouseDoubleClickEvent" name="PrimaryButtonDoubleClick">
    <attribute name="EventButton" value="LeftMouseButton" />
  </event_variant>

  
  <!-- MouseMoveEvents -->
  <event_variant class="MouseMoveEvent" name="MouseMove"/>
  <event_variant class="MouseMoveEvent" name="PrimaryButtonMoved">
    <attribute name="ButtonState" value="LeftMouseButton"/>
  </event_variant>
  <event_variant class="MouseMoveEvent" name="CtrlMouseMove">
    <attribute name="Modifiers" value="ctrl"/>
  </event_variant>
  <event_variant class="MouseMoveEvent" name="CtrlPrimaryButtonMoved">
    <attribute name="ButtonState" value="LeftMouseButton"/>
    <attribute name="Modifiers" value="ctrl"/>
  </event_variant>
  
  <!-- MouseReleaseEvents -->
  <event_variant class="MouseReleaseEvent" name="PrimaryButtonReleased">
    <attribute name="EventButton" value="LeftMouseButton"/>
  </event_variant>
  <event_variant class="MouseReleaseEvent" name="SecondaryButtonReleased">
    <attribute name="EventButton" value="RightMouseButton"/>
  </event_variant>
  <event_variant class="MouseReleaseEvent" name="CtrlPrimaryButtonReleased">
    <attribute name="EventButton" value="LeftMouseButton"/>
    <attribute name="Modifiers" value="ctrl"/>
  </event_variant>
  <event_variant class="MouseReleaseEvent" name="CtrlSecondaryButtonReleased">
    <attribute name="EventButton" value="RightMouseButton"/>
    <attribute name="Modifiers" value="ctrl"/>
  </event_variant>
  
   <!-- MouseWheelEvents -->
  <event_variant class="MouseWheelEvent" name="StdMouseWheelUp">
    <attribute name="ScrollDirection" value="up"/>
  </event_variant>
  <event_variant class="MouseWheelEvent" name="StdMouseWheelDown">
    <attribute name="ScrollDirection" value="down"/>
  </event_variant>
  
  <!-- Key Events -->
  <!--<event_variant class="InteractionKeyEvent" name="KeyDelete">
    <attribute name="Key" value="DEL"/>
  </event_variant>
  <event_variant class="InteractionKeyEvent" name="KeyEscape">
    <attribute name="Key" value="ESC"/>
  </event_variant>-->
  <event_variant class="InteractionKeyEvent" name="KeyDelete">
      <attribute name="Key" value="Delete"/>
  </event_variant>
  <event_variant class="InteractionKeyEvent" name="KeyEscape">
      <attribute name="Key" value="Escape"/>
  </event_variant>
  <event_variant class="InteractionKeyEvent" name="KeyPlus">
      <attribute name="Key" value="+"/>
  </event_variant>
  <event_variant class="InteractionKeyEvent" name="KeyMinus">
      <attribute name="Key" value="-"/>
  </event_variant>
  <!-- ... -->
</config>
