<!--
* - MITK : The legacy handling for Tools.
    Describes which events should trigger an event_variant.
    The corresponding event_variants and their actions are declared in DisplayConfig.xml (in /Resources/Interactions).
    If no event_variant is specified here, this action is disabled during the activation of a tool.
    So if an action here conflicts with you tool you can comment out this section.
    ! Alternatively you can also just change the event description, so that the actions are triggered by different mouse/key events
    during Tool use. !
    Refer to 'How to create a Config-File' http://docs.mitk.org/nightly/Step10Page.html for details.

*   - middle mouse button : panning
*   - right mouse button  : zooming
*   - wheel               : scrolling
-->
<config>
  <!-- Zoom sensitivity -->
  <param name="zoomFactor" value="5"/>
  <!-- Zoom either by moving mouse leftright or updown -->
  <param name="zoomDirection" value="leftright"/>
  <!-- react to an event, even tough is was already processed by a DataInteractor-->
  <param name="alwaysReact" value="false"/>
  <!-- Moving -->
  <event_variant class="MousePressEvent" name="StartMove">
    <attribute name="EventButton" value="MiddleMouseButton"/>
  </event_variant>
  <event_variant class="MouseReleaseEvent" name="EndMoving">
    <attribute name="EventButton" value="MiddleMouseButton"/>
  </event_variant>
  <event_variant class="MouseMoveEvent" name="Moving">
    <attribute name="ButtonState" value="MiddleMouseButton"/>
  </event_variant>
  <!-- Zooming -->
  <event_variant class="MousePressEvent" name="StartZoom">
    <attribute name="EventButton" value="RightMouseButton"/>
  </event_variant>
   <event_variant class="MouseMoveEvent" name="Zooming">
    <attribute name="ButtonState" value="RightMouseButton"/>
  </event_variant>
  <event_variant class="MouseReleaseEvent" name="EndZooming">
    <attribute name="EventButton" value="RightMouseButton"/>
  </event_variant>
  <!-- Scrolling trough planes -->
  <event_variant class="MouseWheelEvent" name="PlaneUP">
    <attribute name="ScrollDirection" value="up"/>
  </event_variant>
  <event_variant class="MouseWheelEvent" name="PlaneDown">
    <attribute name="ScrollDirection" value="down"/>
  </event_variant>
</config>
